[
  {
    "id": "ef7017b9-ea76-4587-9212-b05aa6e01668",
    "data": [
      {
        "text": "add shampoo",
        "userDefined": false
      }
    ],
    "isTemplate": false,
    "count": 0,
    "lang": "en",
    "updated": 0
  },
  {
    "id": "09c74147-a091-4264-86ef-93aa4978cddd",
    "data": [
      {
        "text": "Yes, add",
        "userDefined": false
      }
    ],
    "isTemplate": false,
    "count": 0,
    "lang": "en",
    "updated": 0
  },
  {
    "id": "6f848c04-0093-41ec-8c07-22ed93d68762",
    "data": [
      {
        "text": "Yes, add shampoo",
        "userDefined": false
      }
    ],
    "isTemplate": false,
    "count": 0,
    "lang": "en",
    "updated": 0
  },
  {
    "id": "ee54f683-de31-4f09-ac74-31011e5cbe9f",
    "data": [
      {
        "text": "Yah, lets go for it",
        "userDefined": false
      }
    ],
    "isTemplate": false,
    "count": 0,
    "lang": "en",
    "updated": 0
  },
  {
    "id": "114371ad-5f06-4ae4-808f-814574ec538c",
    "data": [
      {
        "text": "OK, sounds good",
        "userDefined": false
      }
    ],
    "isTemplate": false,
    "count": 0,
    "lang": "en",
    "updated": 0
  },
  {
    "id": "394b9098-baf8-46f0-b34f-1d5a1223f928",
    "data": [
      {
        "text": "Yes, lets do that",
        "userDefined": false
      }
    ],
    "isTemplate": false,
    "count": 0,
    "lang": "en",
    "updated": 0
  },
  {
    "id": "8cf91e9f-e3eb-4d59-aa3e-44d23f6b6dae",
    "data": [
      {
        "text": "Yes, that would be nice",
        "userDefined": false
      }
    ],
    "isTemplate": false,
    "count": 0,
    "lang": "en",
    "updated": 0
  },
  {
    "id": "4693dc6e-21ba-4224-ab41-c5c9ab5c85e1",
    "data": [
      {
        "text": "Yes, sure",
        "userDefined": false
      }
    ],
    "isTemplate": false,
    "count": 0,
    "lang": "en",
    "updated": 0
  }
]