[
  {
    "id": "36204c67-ca31-4eb9-86d8-5e7b47279f52",
    "data": [
      {
        "text": "要加",
        "userDefined": false
      },
      {
        "text": "4",
        "meta": "@sys.number-integer",
        "alias": "ShampooQty",
        "userDefined": true
      },
      {
        "text": "瓶",
        "userDefined": false
      }
    ],
    "isTemplate": false,
    "count": 0,
    "lang": "zh-tw",
    "updated": 0
  },
  {
    "id": "659e2cdb-dfd3-4086-a1d3-645103992f1e",
    "data": [
      {
        "text": "要添加",
        "userDefined": false
      },
      {
        "text": "6",
        "meta": "@sys.number-integer",
        "alias": "ShampooQty",
        "userDefined": true
      },
      {
        "text": "瓶",
        "userDefined": false
      }
    ],
    "isTemplate": false,
    "count": 1,
    "lang": "zh-tw",
    "updated": 0
  },
  {
    "id": "7d11fe5c-2711-4bec-8f2f-94b15b62e0b8",
    "data": [
      {
        "text": "要加",
        "userDefined": false
      },
      {
        "text": "5",
        "meta": "@sys.number-integer",
        "alias": "ShampooQty",
        "userDefined": true
      },
      {
        "text": "瓶",
        "userDefined": false
      }
    ],
    "isTemplate": false,
    "count": 0,
    "lang": "zh-tw",
    "updated": 0
  },
  {
    "id": "d7ef3074-2a6f-4d6e-81e6-ac384db27a3a",
    "data": [
      {
        "text": "要添加",
        "userDefined": false
      },
      {
        "text": "3",
        "meta": "@sys.number-integer",
        "alias": "ShampooQty",
        "userDefined": true
      },
      {
        "text": "瓶",
        "userDefined": false
      }
    ],
    "isTemplate": false,
    "count": 0,
    "lang": "zh-tw",
    "updated": 0
  },
  {
    "id": "9b1a2296-1d74-4fa4-8a4b-e4b4585d89b6",
    "data": [
      {
        "text": "要",
        "userDefined": false
      }
    ],
    "isTemplate": false,
    "count": 0,
    "lang": "zh-tw",
    "updated": 0
  },
  {
    "id": "d6d83a3b-3fa1-43ba-a054-004951634cb8",
    "data": [
      {
        "text": "我要添加",
        "userDefined": false
      }
    ],
    "isTemplate": false,
    "count": 0,
    "lang": "zh-tw",
    "updated": 0
  },
  {
    "id": "414fa1e2-f60e-4e0b-b529-e7a94aab4012",
    "data": [
      {
        "text": "好的，添加",
        "userDefined": false
      }
    ],
    "isTemplate": false,
    "count": 0,
    "lang": "zh-tw",
    "updated": 0
  },
  {
    "id": "c87ad4ca-e642-442e-b190-23d0e8dad183",
    "data": [
      {
        "text": "好",
        "userDefined": false
      }
    ],
    "isTemplate": false,
    "count": 0,
    "lang": "zh-tw",
    "updated": 0
  },
  {
    "id": "946dd9d4-ac59-43ca-9512-5c671cd5fef2",
    "data": [
      {
        "text": "好的",
        "userDefined": false
      }
    ],
    "isTemplate": false,
    "count": 0,
    "lang": "zh-tw",
    "updated": 0
  },
  {
    "id": "f1a7ed9f-1b89-45c0-90b9-f4aa60d113f8",
    "data": [
      {
        "text": "好主意",
        "userDefined": false
      }
    ],
    "isTemplate": false,
    "count": 0,
    "lang": "zh-tw",
    "updated": 0
  },
  {
    "id": "20c4d842-0356-490a-b842-b2792e7166b9",
    "data": [
      {
        "text": "添加",
        "userDefined": false
      },
      {
        "text": "8",
        "meta": "@sys.number-integer",
        "alias": "ShampooQty",
        "userDefined": true
      },
      {
        "text": "瓶",
        "userDefined": false
      }
    ],
    "isTemplate": false,
    "count": 0,
    "lang": "zh-tw",
    "updated": 0
  },
  {
    "id": "00b40108-008a-43b3-bd89-bc77dcdda72f",
    "data": [
      {
        "text": "添加吧",
        "userDefined": false
      }
    ],
    "isTemplate": false,
    "count": 0,
    "lang": "zh-tw",
    "updated": 0
  },
  {
    "id": "3c66bfb2-0558-41cb-ad4c-8c296620929c",
    "data": [
      {
        "text": "当然",
        "userDefined": false
      }
    ],
    "isTemplate": false,
    "count": 0,
    "lang": "zh-tw",
    "updated": 0
  },
  {
    "id": "076419c8-ac37-45ed-83d8-9de8d8086049",
    "data": [
      {
        "text": "当然添加",
        "userDefined": false
      }
    ],
    "isTemplate": false,
    "count": 0,
    "lang": "zh-tw",
    "updated": 0
  }
]