[
  {
    "id": "eb90a0b5-5c13-4272-8713-1ebf35c6a60a",
    "data": [
      {
        "text": "质询",
        "userDefined": false
      }
    ],
    "isTemplate": false,
    "count": 0,
    "lang": "zh-tw",
    "updated": 0
  },
  {
    "id": "5d0b41e8-a782-4fc4-a3c9-14588f97b1a5",
    "data": [
      {
        "text": "询问",
        "userDefined": false
      }
    ],
    "isTemplate": false,
    "count": 0,
    "lang": "zh-tw",
    "updated": 0
  },
  {
    "id": "5be1e8cc-6020-487b-b190-9d107e97a0d8",
    "data": [
      {
        "text": "我想多了解一下杰琪美容院",
        "userDefined": false
      }
    ],
    "isTemplate": false,
    "count": 0,
    "lang": "zh-tw",
    "updated": 0
  },
  {
    "id": "9c60c6ec-55c5-4b7d-bfd5-34164cd6574c",
    "data": [
      {
        "text": "我想多了解一下",
        "userDefined": false
      },
      {
        "text": "美容院",
        "userDefined": false
      }
    ],
    "isTemplate": false,
    "count": 0,
    "lang": "zh-tw",
    "updated": 0
  },
  {
    "id": "e2717b28-4ba5-4d95-bcff-17841e681dce",
    "data": [
      {
        "text": "我有些疑问",
        "userDefined": false
      }
    ],
    "isTemplate": false,
    "count": 0,
    "lang": "zh-tw",
    "updated": 0
  },
  {
    "id": "16efa5ff-d0ac-4de7-98c0-5d216ca281f5",
    "data": [
      {
        "text": "我想质询",
        "userDefined": false
      }
    ],
    "isTemplate": false,
    "count": 0,
    "lang": "zh-tw",
    "updated": 0
  },
  {
    "id": "f85675fb-5f3e-4487-ad45-4274e07a132d",
    "data": [
      {
        "text": "我想质询一下",
        "userDefined": false
      }
    ],
    "isTemplate": false,
    "count": 0,
    "lang": "zh-tw",
    "updated": 0
  },
  {
    "id": "304f0491-2b7f-4c12-82ed-7133ada17d55",
    "data": [
      {
        "text": "我有些东西想问",
        "userDefined": false
      }
    ],
    "isTemplate": false,
    "count": 0,
    "lang": "zh-tw",
    "updated": 0
  },
  {
    "id": "8706d27b-d5b9-4d7d-a129-e858b6e20efe",
    "data": [
      {
        "text": "我想查询一下",
        "userDefined": false
      }
    ],
    "isTemplate": false,
    "count": 0,
    "lang": "zh-tw",
    "updated": 0
  },
  {
    "id": "5b2f00f9-e138-4b0c-851b-078cc94da6fc",
    "data": [
      {
        "text": "我想问问题",
        "userDefined": false
      }
    ],
    "isTemplate": false,
    "count": 0,
    "lang": "zh-tw",
    "updated": 0
  },
  {
    "id": "296c3293-81cf-485b-951a-65c95cd0407e",
    "data": [
      {
        "text": "我想询问",
        "userDefined": false
      }
    ],
    "isTemplate": false,
    "count": 0,
    "lang": "zh-tw",
    "updated": 0
  },
  {
    "id": "1f578c4b-8a34-4655-8b7d-42298d40723d",
    "data": [
      {
        "text": "我想问",
        "userDefined": false
      },
      {
        "text": "杰",
        "userDefined": false
      },
      {
        "text": "琪",
        "userDefined": false
      }
    ],
    "isTemplate": false,
    "count": 1,
    "lang": "zh-tw",
    "updated": 0
  }
]