[
  {
    "id": "5c7ab56f-40b5-4bb2-8539-2e0f111450d4",
    "data": [
      {
        "text": "I want to ask ",
        "userDefined": false
      },
      {
        "text": "Jackie",
        "userDefined": false
      }
    ],
    "isTemplate": false,
    "count": 0,
    "lang": "en",
    "updated": 0
  },
  {
    "id": "db0e4f62-1d95-4407-86fb-2657bf7bb015",
    "data": [
      {
        "text": "I have a question",
        "userDefined": false
      }
    ],
    "isTemplate": false,
    "count": 0,
    "lang": "en",
    "updated": 0
  },
  {
    "id": "aafe10fd-1c32-49d3-8a88-5aaf1d573d0e",
    "data": [
      {
        "text": "Tell me more about ",
        "userDefined": false
      },
      {
        "text": "Jackie",
        "userDefined": false
      },
      {
        "text": " Hair Salon",
        "userDefined": false
      }
    ],
    "isTemplate": false,
    "count": 0,
    "lang": "en",
    "updated": 0
  },
  {
    "id": "d116bb82-b383-4dec-8f72-135efd9dd452",
    "data": [
      {
        "text": "Tell me more about you",
        "userDefined": false
      }
    ],
    "isTemplate": false,
    "count": 0,
    "lang": "en",
    "updated": 0
  },
  {
    "id": "b4203567-aa7f-42b5-89c3-9a62da63f75c",
    "data": [
      {
        "text": "I want to know more about you",
        "userDefined": false
      }
    ],
    "isTemplate": false,
    "count": 0,
    "lang": "en",
    "updated": 0
  },
  {
    "id": "a4222d28-baa2-4e74-ae6b-96f9453e9324",
    "data": [
      {
        "text": "I want to know more about ",
        "userDefined": false
      },
      {
        "text": "Jackie",
        "userDefined": false
      },
      {
        "text": " Hair Salon",
        "userDefined": false
      }
    ],
    "isTemplate": false,
    "count": 0,
    "lang": "en",
    "updated": 0
  },
  {
    "id": "2e413df3-fb52-4235-9406-3130131ff3ae",
    "data": [
      {
        "text": "Ask ",
        "userDefined": false
      },
      {
        "text": "Jackie",
        "userDefined": false
      }
    ],
    "isTemplate": false,
    "count": 0,
    "lang": "en",
    "updated": 0
  }
]