[
  {
    "id": "92c5ff0d-aeeb-4646-9168-d3b23fa585e5",
    "data": [
      {
        "text": "换到",
        "userDefined": false
      },
      {
        "text": "下午1点",
        "meta": "@sys.time",
        "alias": "Time",
        "userDefined": true
      }
    ],
    "isTemplate": false,
    "count": 0,
    "lang": "zh-tw",
    "updated": 0
  },
  {
    "id": "27fdac8e-64f0-41a1-a433-8908d74316cb",
    "data": [
      {
        "text": "换去",
        "userDefined": false
      },
      {
        "text": "下午3点",
        "meta": "@sys.time",
        "alias": "Time",
        "userDefined": true
      }
    ],
    "isTemplate": false,
    "count": 0,
    "lang": "zh-tw",
    "updated": 0
  },
  {
    "id": "9740e8fc-3942-4939-8a95-bb7d96698f85",
    "data": [
      {
        "text": "换成",
        "userDefined": false
      },
      {
        "text": "早上11点",
        "meta": "@sys.time",
        "alias": "Time",
        "userDefined": true
      }
    ],
    "isTemplate": false,
    "count": 0,
    "lang": "zh-tw",
    "updated": 0
  },
  {
    "id": "81a39a34-8b9b-4906-b5ec-42f66d04fece",
    "data": [
      {
        "text": "换时间到",
        "userDefined": false
      },
      {
        "text": "晚上7点",
        "meta": "@sys.time",
        "alias": "Time",
        "userDefined": true
      }
    ],
    "isTemplate": false,
    "count": 0,
    "lang": "zh-tw",
    "updated": 0
  },
  {
    "id": "4485d8dc-08ae-4192-9f06-cc3c92c721d9",
    "data": [
      {
        "text": "只换时间",
        "userDefined": false
      }
    ],
    "isTemplate": false,
    "count": 0,
    "lang": "zh-tw",
    "updated": 0
  },
  {
    "id": "713a2b72-ff06-4990-812c-05e1bdc7da56",
    "data": [
      {
        "text": "换时间",
        "userDefined": false
      }
    ],
    "isTemplate": false,
    "count": 0,
    "lang": "zh-tw",
    "updated": 0
  },
  {
    "id": "a56af2ba-dea3-43e0-ab09-4a223977da93",
    "data": [
      {
        "text": "更换时间",
        "userDefined": false
      }
    ],
    "isTemplate": false,
    "count": 0,
    "lang": "zh-tw",
    "updated": 0
  }
]