[
  {
    "id": "5299c5f9-988e-4e11-ac79-ce8358622c2d",
    "data": [
      {
        "text": "换成",
        "userDefined": false
      },
      {
        "text": "Brian",
        "meta": "@StylistName",
        "alias": "Stylist",
        "userDefined": true
      }
    ],
    "isTemplate": false,
    "count": 1,
    "lang": "zh-tw",
    "updated": 0
  },
  {
    "id": "bf6f84e8-6650-4420-a802-98b3bb8714e0",
    "data": [
      {
        "text": "换到",
        "userDefined": false
      },
      {
        "text": "Samantha",
        "meta": "@StylistName",
        "alias": "Stylist",
        "userDefined": true
      }
    ],
    "isTemplate": false,
    "count": 0,
    "lang": "zh-tw",
    "updated": 0
  },
  {
    "id": "12f47b85-63f8-4d56-93b1-172ad1dfa433",
    "data": [
      {
        "text": "换去",
        "userDefined": false
      },
      {
        "text": "Jackie",
        "meta": "@StylistName",
        "alias": "Stylist",
        "userDefined": true
      }
    ],
    "isTemplate": false,
    "count": 1,
    "lang": "zh-tw",
    "updated": 0
  },
  {
    "id": "20fa6a18-fe7b-4fdd-b567-f1ff55dcadf9",
    "data": [
      {
        "text": "换到",
        "userDefined": false
      },
      {
        "text": "小布",
        "meta": "@StylistName",
        "alias": "Stylist",
        "userDefined": true
      }
    ],
    "isTemplate": false,
    "count": 0,
    "lang": "zh-tw",
    "updated": 0
  },
  {
    "id": "7c88b110-b178-4131-b5a2-4165fce925fa",
    "data": [
      {
        "text": "换到",
        "userDefined": false
      },
      {
        "text": "莎莎",
        "meta": "@StylistName",
        "alias": "Stylist",
        "userDefined": true
      }
    ],
    "isTemplate": false,
    "count": 0,
    "lang": "zh-tw",
    "updated": 0
  },
  {
    "id": "00433d34-936f-4d96-8f5d-4f49450367e4",
    "data": [
      {
        "text": "换成",
        "userDefined": false
      },
      {
        "text": "洁琪",
        "meta": "@StylistName",
        "alias": "Stylist",
        "userDefined": true
      }
    ],
    "isTemplate": false,
    "count": 0,
    "lang": "zh-tw",
    "updated": 0
  },
  {
    "id": "de645a35-149c-4039-9998-cb6bff538c0b",
    "data": [
      {
        "text": "换美容师",
        "userDefined": false
      }
    ],
    "isTemplate": false,
    "count": 0,
    "lang": "zh-tw",
    "updated": 0
  },
  {
    "id": "f7dbc4cc-dd42-4efb-8419-075804cac961",
    "data": [
      {
        "text": "更换美容师",
        "userDefined": false
      }
    ],
    "isTemplate": false,
    "count": 0,
    "lang": "zh-tw",
    "updated": 0
  }
]