[
  {
    "id": "821c5a2f-f6e7-4c5a-a4ac-21ce8b6d17cc",
    "data": [
      {
        "text": "Change both date and time",
        "userDefined": false
      }
    ],
    "isTemplate": false,
    "count": 0,
    "lang": "en",
    "updated": 0
  },
  {
    "id": "15017fbf-e54d-4897-b840-1d3fd296528e",
    "data": [
      {
        "text": "Change both day and time",
        "userDefined": false
      }
    ],
    "isTemplate": false,
    "count": 0,
    "lang": "en",
    "updated": 0
  },
  {
    "id": "5dddc866-a0aa-431a-a73f-41e3e2071ead",
    "data": [
      {
        "text": "Change day and time",
        "userDefined": false
      }
    ],
    "isTemplate": false,
    "count": 0,
    "lang": "en",
    "updated": 0
  },
  {
    "id": "2c2c5fd4-0f9c-48ba-b5c7-ec05ca0f52e3",
    "data": [
      {
        "text": "Change date and time",
        "userDefined": false
      }
    ],
    "isTemplate": false,
    "count": 0,
    "lang": "en",
    "updated": 0
  }
]