[
  {
    "id": "f8c5c4d3-9728-4407-bb4c-efcda917b2d5",
    "data": [
      {
        "text": "换成",
        "userDefined": false
      },
      {
        "text": "今天",
        "meta": "@sys.date",
        "alias": "Date",
        "userDefined": true
      },
      {
        "text": "晚上8点",
        "meta": "@sys.time",
        "alias": "Time",
        "userDefined": true
      }
    ],
    "isTemplate": false,
    "count": 0,
    "lang": "zh-tw",
    "updated": 0
  },
  {
    "id": "96c6dce3-821e-40ed-858e-9e12945282c2",
    "data": [
      {
        "text": "要换到",
        "userDefined": false
      },
      {
        "text": "星期六",
        "meta": "@sys.date",
        "alias": "Date",
        "userDefined": true
      },
      {
        "text": "下午5点",
        "meta": "@sys.time",
        "alias": "Time",
        "userDefined": true
      }
    ],
    "isTemplate": false,
    "count": 0,
    "lang": "zh-tw",
    "updated": 0
  },
  {
    "id": "d48db859-245a-414b-a480-cdf7dba2d6b5",
    "data": [
      {
        "text": "换成",
        "userDefined": false
      },
      {
        "text": "后天",
        "meta": "@sys.date",
        "alias": "Date",
        "userDefined": true
      },
      {
        "text": "早上11点",
        "meta": "@sys.time",
        "alias": "Time",
        "userDefined": true
      }
    ],
    "isTemplate": false,
    "count": 0,
    "lang": "zh-tw",
    "updated": 0
  },
  {
    "id": "a3cace29-d1c4-4475-a05f-c4813777e6a5",
    "data": [
      {
        "text": "换到",
        "userDefined": false
      },
      {
        "text": "明天",
        "meta": "@sys.date",
        "alias": "Date",
        "userDefined": true
      },
      {
        "text": "下午3点",
        "meta": "@sys.time",
        "alias": "Time",
        "userDefined": true
      }
    ],
    "isTemplate": false,
    "count": 0,
    "lang": "zh-tw",
    "updated": 0
  },
  {
    "id": "bb5062ab-cdf3-4d74-a846-c95be631858e",
    "data": [
      {
        "text": "换日期和时间",
        "userDefined": false
      }
    ],
    "isTemplate": false,
    "count": 0,
    "lang": "zh-tw",
    "updated": 0
  },
  {
    "id": "3c6bbc99-8523-4299-a04a-3bb1ee938083",
    "data": [
      {
        "text": "更换日期和时间",
        "userDefined": false
      }
    ],
    "isTemplate": false,
    "count": 0,
    "lang": "zh-tw",
    "updated": 0
  },
  {
    "id": "132d30e2-cc3e-4e57-a075-9bd03eef5b9b",
    "data": [
      {
        "text": "更换日期以及时间",
        "userDefined": false
      }
    ],
    "isTemplate": false,
    "count": 0,
    "lang": "zh-tw",
    "updated": 0
  },
  {
    "id": "15325150-5399-4303-94e8-a33beb6423af",
    "data": [
      {
        "text": "日期和时间都更换",
        "userDefined": false
      }
    ],
    "isTemplate": false,
    "count": 0,
    "lang": "zh-tw",
    "updated": 0
  }
]