[
  {
    "id": "f3f9e8f4-3525-4364-acf1-734450a7a360",
    "data": [
      {
        "text": "我想取消和",
        "userDefined": false
      },
      {
        "text": "小布",
        "meta": "@StylistName",
        "alias": "Stylist",
        "userDefined": true
      },
      {
        "text": "星期六",
        "meta": "@sys.date",
        "alias": "Date",
        "userDefined": true
      },
      {
        "text": "5点",
        "meta": "@sys.time",
        "alias": "Time",
        "userDefined": true
      },
      {
        "text": "的预约",
        "userDefined": false
      }
    ],
    "isTemplate": false,
    "count": 0,
    "lang": "zh-tw",
    "updated": 0
  },
  {
    "id": "66991394-80e2-4ecd-ade2-315f7281007c",
    "data": [
      {
        "text": "取消预约",
        "userDefined": false
      },
      {
        "text": "莎莎",
        "meta": "@StylistName",
        "alias": "Stylist",
        "userDefined": true
      },
      {
        "text": "后天",
        "meta": "@sys.date",
        "alias": "Date",
        "userDefined": true
      },
      {
        "text": "6点",
        "meta": "@sys.time",
        "alias": "Time",
        "userDefined": true
      }
    ],
    "isTemplate": false,
    "count": 0,
    "lang": "zh-tw",
    "updated": 0
  },
  {
    "id": "61e62d5d-d51b-4784-80cc-8c8e7278afd1",
    "data": [
      {
        "text": "我要取消和",
        "userDefined": false
      },
      {
        "text": "洁琪",
        "meta": "@StylistName",
        "alias": "Stylist",
        "userDefined": true
      },
      {
        "text": "明天",
        "meta": "@sys.date",
        "alias": "Date",
        "userDefined": true
      },
      {
        "text": "3点",
        "meta": "@sys.time",
        "alias": "Time",
        "userDefined": true
      },
      {
        "text": "的预约",
        "userDefined": false
      }
    ],
    "isTemplate": false,
    "count": 0,
    "lang": "zh-tw",
    "updated": 0
  },
  {
    "id": "aca4a831-247f-4553-b0d1-a7f3ccbb4a18",
    "data": [
      {
        "text": "取消预约",
        "userDefined": false
      }
    ],
    "isTemplate": false,
    "count": 0,
    "lang": "zh-tw",
    "updated": 0
  },
  {
    "id": "c3135256-118a-4efc-9013-23cc98d390d0",
    "data": [
      {
        "text": "我想取消预约",
        "userDefined": false
      }
    ],
    "isTemplate": false,
    "count": 0,
    "lang": "zh-tw",
    "updated": 0
  },
  {
    "id": "891a91d3-26c3-4e98-bb9f-9a935a3ba6d4",
    "data": [
      {
        "text": "我要取消预约",
        "userDefined": false
      }
    ],
    "isTemplate": false,
    "count": 0,
    "lang": "zh-tw",
    "updated": 0
  }
]