[
  {
    "id": "90227fa6-6d05-4c46-afca-11b3076afa69",
    "data": [
      {
        "text": "cancel appointment",
        "userDefined": false
      }
    ],
    "isTemplate": false,
    "count": 0,
    "lang": "en",
    "updated": 0
  },
  {
    "id": "1ed0e07d-b742-4a7e-a660-9e489a980e45",
    "data": [
      {
        "text": "I would like to cancel my appointment",
        "userDefined": false
      }
    ],
    "isTemplate": false,
    "count": 0,
    "lang": "en",
    "updated": 0
  },
  {
    "id": "fae15de4-771f-49af-adad-933175b995d8",
    "data": [
      {
        "text": "delete appointment",
        "userDefined": false
      }
    ],
    "isTemplate": false,
    "count": 0,
    "lang": "en",
    "updated": 0
  },
  {
    "id": "4d5571e5-b920-4302-a098-3d302e99bbc7",
    "data": [
      {
        "text": "I want to delete my appointment",
        "userDefined": false
      }
    ],
    "isTemplate": false,
    "count": 0,
    "lang": "en",
    "updated": 0
  }
]