[
  {
    "id": "aa3a0169-8f14-4e2f-9d70-09406fa226cf",
    "data": [
      {
        "text": "谢谢，再见",
        "userDefined": false
      }
    ],
    "isTemplate": false,
    "count": 0,
    "lang": "zh-tw",
    "updated": 0
  },
  {
    "id": "01ea5202-8d98-43e6-987e-2d450d3d8c30",
    "data": [
      {
        "text": "再见",
        "userDefined": false
      }
    ],
    "isTemplate": false,
    "count": 0,
    "lang": "zh-tw",
    "updated": 0
  },
  {
    "id": "ab95c6da-b73d-43b3-8969-62974ee012fd",
    "data": [
      {
        "text": "没有事了",
        "userDefined": false
      }
    ],
    "isTemplate": false,
    "count": 0,
    "lang": "zh-tw",
    "updated": 0
  },
  {
    "id": "81a6f747-45c6-40f1-ba55-50129d5fdb38",
    "data": [
      {
        "text": "完毕",
        "userDefined": false
      }
    ],
    "isTemplate": false,
    "count": 0,
    "lang": "zh-tw",
    "updated": 0
  },
  {
    "id": "fe3e6d77-d355-451b-9fc7-66131bc1ce6a",
    "data": [
      {
        "text": "结束",
        "userDefined": false
      }
    ],
    "isTemplate": false,
    "count": 0,
    "lang": "zh-tw",
    "updated": 0
  },
  {
    "id": "1200999b-54b6-470a-8fd0-a2a7abc5967a",
    "data": [
      {
        "text": "没其他事了",
        "userDefined": false
      }
    ],
    "isTemplate": false,
    "count": 0,
    "lang": "zh-tw",
    "updated": 0
  },
  {
    "id": "999e6966-c1aa-4742-8f91-9be876c2edd5",
    "data": [
      {
        "text": "我没其他事了",
        "userDefined": false
      }
    ],
    "isTemplate": false,
    "count": 0,
    "lang": "zh-tw",
    "updated": 0
  },
  {
    "id": "ca5a066b-8b80-41cf-9ac4-633b2d036844",
    "data": [
      {
        "text": "终止",
        "userDefined": false
      }
    ],
    "isTemplate": false,
    "count": 0,
    "lang": "zh-tw",
    "updated": 0
  },
  {
    "id": "eebd5f63-b3d4-4f3d-94a0-c16b65b2a7b4",
    "data": [
      {
        "text": "结束电话",
        "userDefined": false
      }
    ],
    "isTemplate": false,
    "count": 0,
    "lang": "zh-tw",
    "updated": 0
  },
  {
    "id": "cf954344-924d-449b-ad8c-cb28eb68ad9a",
    "data": [
      {
        "text": "挂电话",
        "userDefined": false
      }
    ],
    "isTemplate": false,
    "count": 0,
    "lang": "zh-tw",
    "updated": 0
  },
  {
    "id": "3175acd0-8299-49f3-8edc-8d0e46d1577a",
    "data": [
      {
        "text": "我不需要其他的了",
        "userDefined": false
      }
    ],
    "isTemplate": false,
    "count": 0,
    "lang": "zh-tw",
    "updated": 0
  },
  {
    "id": "31bc3142-8336-42df-8346-9e138ca12a02",
    "data": [
      {
        "text": "已经没事了",
        "userDefined": false
      }
    ],
    "isTemplate": false,
    "count": 0,
    "lang": "zh-tw",
    "updated": 0
  }
]