[
  {
    "id": "9c423b80-a8fb-43c9-97b1-7097778ea0f0",
    "data": [
      {
        "text": "Give feedback",
        "userDefined": false
      }
    ],
    "isTemplate": false,
    "count": 0,
    "lang": "en",
    "updated": 0
  },
  {
    "id": "8db53c7f-83da-45af-aa98-bc3a4f309938",
    "data": [
      {
        "text": "I want to provide feedback",
        "userDefined": false
      }
    ],
    "isTemplate": false,
    "count": 1,
    "lang": "en",
    "updated": 0
  },
  {
    "id": "5e6e2a9a-529c-4cee-a815-9c5faf16d0e8",
    "data": [
      {
        "text": "I have feedback on ",
        "userDefined": false
      },
      {
        "text": "Samantha",
        "meta": "@StylistName",
        "alias": "Stylist",
        "userDefined": true
      }
    ],
    "isTemplate": false,
    "count": 0,
    "lang": "en",
    "updated": 0
  },
  {
    "id": "44e7e801-6d69-44d2-a62f-d46eed5de105",
    "data": [
      {
        "text": "I have feedback",
        "userDefined": false
      }
    ],
    "isTemplate": false,
    "count": 0,
    "lang": "en",
    "updated": 0
  },
  {
    "id": "eea8000d-eee0-4e74-b9fa-e2a2cb30ac6f",
    "data": [
      {
        "text": "I want to feedback on ",
        "userDefined": false
      },
      {
        "text": "Jackie",
        "meta": "@StylistName",
        "alias": "Stylist",
        "userDefined": true
      }
    ],
    "isTemplate": false,
    "count": 0,
    "lang": "en",
    "updated": 0
  },
  {
    "id": "ae9c4cc4-e93a-4477-9bf4-b1ad693958a8",
    "data": [
      {
        "text": "I want to feedback",
        "userDefined": false
      }
    ],
    "isTemplate": false,
    "count": 0,
    "lang": "en",
    "updated": 0
  },
  {
    "id": "7c54c367-6f3e-42d4-9b9c-6d0f2c3080fe",
    "data": [
      {
        "text": "I want to give feedback",
        "userDefined": false
      }
    ],
    "isTemplate": false,
    "count": 0,
    "lang": "en",
    "updated": 0
  }
]