[
  {
    "id": "aae69f30-462d-4cdc-8c3f-b8df18915ffc",
    "data": [
      {
        "text": "I want ",
        "userDefined": false
      },
      {
        "text": "Deluxe",
        "meta": "@ServiceType",
        "alias": "Service",
        "userDefined": true
      },
      {
        "text": " styling",
        "userDefined": false
      }
    ],
    "isTemplate": false,
    "count": 0,
    "lang": "en",
    "updated": 0
  },
  {
    "id": "a069f4d2-accf-4ac9-9f7c-6d0b7172ad32",
    "data": [
      {
        "text": "I want ",
        "userDefined": false
      },
      {
        "text": "Basic",
        "meta": "@ServiceType",
        "alias": "Service",
        "userDefined": true
      },
      {
        "text": " styling",
        "userDefined": false
      }
    ],
    "isTemplate": false,
    "count": 0,
    "lang": "en",
    "updated": 0
  },
  {
    "id": "d9a82c9f-c7c2-4bdb-a33b-6d1dbf3a7d4b",
    "data": [
      {
        "text": "Deluxe",
        "meta": "@ServiceType",
        "alias": "Service",
        "userDefined": true
      },
      {
        "text": " please",
        "userDefined": false
      }
    ],
    "isTemplate": false,
    "count": 0,
    "lang": "en",
    "updated": 0
  },
  {
    "id": "ab99027f-805d-41f2-a5b4-8e7bac6f2e22",
    "data": [
      {
        "text": "Basic",
        "meta": "@ServiceType",
        "alias": "Service",
        "userDefined": true
      },
      {
        "text": " please",
        "userDefined": false
      }
    ],
    "isTemplate": false,
    "count": 0,
    "lang": "en",
    "updated": 0
  },
  {
    "id": "4a398a8a-2ebe-4d74-902e-0928ff31fc80",
    "data": [
      {
        "text": "I\u0027ll take ",
        "userDefined": false
      },
      {
        "text": "Deluxe",
        "meta": "@ServiceType",
        "alias": "Service",
        "userDefined": true
      }
    ],
    "isTemplate": false,
    "count": 0,
    "lang": "en",
    "updated": 0
  },
  {
    "id": "02f84e7c-bb1d-4ec6-9d7e-f30bc375d9b2",
    "data": [
      {
        "text": "I\u0027ll like ",
        "userDefined": false
      },
      {
        "text": "Basic",
        "meta": "@ServiceType",
        "alias": "Service",
        "userDefined": true
      },
      {
        "text": " styling",
        "userDefined": false
      }
    ],
    "isTemplate": false,
    "count": 0,
    "lang": "en",
    "updated": 0
  },
  {
    "id": "9255c32c-df8a-4769-b18b-e2765f4a449a",
    "data": [
      {
        "text": "Lisa",
        "meta": "@sys.given-name",
        "alias": "CustName",
        "userDefined": true
      },
      {
        "text": " ",
        "userDefined": false
      },
      {
        "text": "12345678",
        "meta": "@sys.phone-number",
        "alias": "CustMobile",
        "userDefined": true
      }
    ],
    "isTemplate": false,
    "count": 0,
    "lang": "en",
    "updated": 0
  },
  {
    "id": "d20581de-1f9b-4694-89b5-9cd41c953d83",
    "data": [
      {
        "text": "I\u0027ll like an appointment with ",
        "userDefined": false
      },
      {
        "text": "Samantha",
        "meta": "@StylistName",
        "alias": "Stylist",
        "userDefined": true
      },
      {
        "text": " for ",
        "userDefined": false
      },
      {
        "text": "today",
        "meta": "@sys.date",
        "alias": "Date",
        "userDefined": true
      },
      {
        "text": " at ",
        "userDefined": false
      },
      {
        "text": "3 pm",
        "meta": "@sys.time",
        "alias": "Time",
        "userDefined": true
      }
    ],
    "isTemplate": false,
    "count": 0,
    "lang": "en",
    "updated": 0
  },
  {
    "id": "e6f02879-0577-4e0e-98c2-be31da7815c4",
    "data": [
      {
        "text": "I want to book a slot with ",
        "userDefined": false
      },
      {
        "text": "Jackie",
        "meta": "@StylistName",
        "alias": "Stylist",
        "userDefined": true
      },
      {
        "text": " for ",
        "userDefined": false
      },
      {
        "text": "today",
        "meta": "@sys.date",
        "alias": "Date",
        "userDefined": true
      },
      {
        "text": " at ",
        "userDefined": false
      },
      {
        "text": "6 pm",
        "meta": "@sys.time",
        "alias": "Time",
        "userDefined": true
      }
    ],
    "isTemplate": false,
    "count": 0,
    "lang": "en",
    "updated": 0
  },
  {
    "id": "6e142849-c59d-411f-a5b7-aeec14f6835d",
    "data": [
      {
        "text": "Is ",
        "userDefined": false
      },
      {
        "text": "Brian",
        "meta": "@StylistName",
        "alias": "Stylist",
        "userDefined": true
      },
      {
        "text": " available ",
        "userDefined": false
      },
      {
        "text": "next Monday",
        "meta": "@sys.date",
        "alias": "Date",
        "userDefined": true
      },
      {
        "text": " at ",
        "userDefined": false
      },
      {
        "text": "4 pm",
        "meta": "@sys.time",
        "alias": "Time",
        "userDefined": true
      },
      {
        "text": "?",
        "userDefined": false
      }
    ],
    "isTemplate": false,
    "count": 0,
    "lang": "en",
    "updated": 0
  },
  {
    "id": "92f0207b-4b98-4d36-b6e7-cc96fa4de102",
    "data": [
      {
        "text": "Can I check if ",
        "userDefined": false
      },
      {
        "text": "Samantha",
        "meta": "@StylistName",
        "alias": "Stylist",
        "userDefined": true
      },
      {
        "text": " is available on ",
        "userDefined": false
      },
      {
        "text": "Friday",
        "meta": "@sys.date",
        "alias": "Date",
        "userDefined": true
      },
      {
        "text": " at ",
        "userDefined": false
      },
      {
        "text": "3 pm",
        "meta": "@sys.time",
        "alias": "Time",
        "userDefined": true
      }
    ],
    "isTemplate": false,
    "count": 0,
    "lang": "en",
    "updated": 0
  },
  {
    "id": "ad1fab8e-bcbc-4842-b64d-4d63f3a4e9f3",
    "data": [
      {
        "text": "My mobile is ",
        "userDefined": false
      },
      {
        "text": "82345678",
        "meta": "@sys.phone-number",
        "alias": "CustMobile",
        "userDefined": true
      }
    ],
    "isTemplate": false,
    "count": 0,
    "lang": "en",
    "updated": 0
  },
  {
    "id": "413ea136-9781-4009-9166-4033dbe2242e",
    "data": [
      {
        "text": "My name is ",
        "userDefined": false
      },
      {
        "text": "Jennifer",
        "meta": "@sys.given-name",
        "alias": "CustName",
        "userDefined": true
      }
    ],
    "isTemplate": false,
    "count": 0,
    "lang": "en",
    "updated": 0
  },
  {
    "id": "089ca9c0-52ea-4704-b450-c8f6bbe42c44",
    "data": [
      {
        "text": "I am ",
        "userDefined": false
      },
      {
        "text": "Corina",
        "meta": "@sys.given-name",
        "alias": "CustName",
        "userDefined": true
      },
      {
        "text": " and number ",
        "userDefined": false
      },
      {
        "text": "91234567",
        "meta": "@sys.phone-number",
        "alias": "CustMobile",
        "userDefined": false
      }
    ],
    "isTemplate": false,
    "count": 0,
    "lang": "en",
    "updated": 0
  },
  {
    "id": "fa72ab45-5aa4-405f-af97-0647be076d7d",
    "data": [
      {
        "text": "Name is ",
        "userDefined": false
      },
      {
        "text": "Peter",
        "meta": "@sys.given-name",
        "alias": "CustName",
        "userDefined": true
      },
      {
        "text": " and mobile number is ",
        "userDefined": false
      },
      {
        "text": "81234567",
        "meta": "@sys.phone-number",
        "alias": "CustMobile",
        "userDefined": true
      }
    ],
    "isTemplate": false,
    "count": 0,
    "lang": "en",
    "updated": 0
  },
  {
    "id": "675fa0fc-a00c-44bf-ab6b-2d99693711a5",
    "data": [
      {
        "text": "I want to make an appointment for ",
        "userDefined": false
      },
      {
        "text": "Samantha",
        "meta": "@StylistName",
        "alias": "Stylist",
        "userDefined": false
      },
      {
        "text": " for ",
        "userDefined": false
      },
      {
        "text": "tommow",
        "meta": "@sys.date",
        "alias": "Date",
        "userDefined": true
      },
      {
        "text": " at ",
        "userDefined": false
      },
      {
        "text": "2 pm",
        "meta": "@sys.time",
        "alias": "Time",
        "userDefined": false
      }
    ],
    "isTemplate": false,
    "count": 0,
    "lang": "en",
    "updated": 0
  },
  {
    "id": "c20f9e12-c531-45de-8f5f-f98a10f36c72",
    "data": [
      {
        "text": "Can I check if ",
        "userDefined": false
      },
      {
        "text": "Brian",
        "meta": "@StylistName",
        "alias": "Stylist",
        "userDefined": false
      },
      {
        "text": " is available for ",
        "userDefined": false
      },
      {
        "text": "tomorrow",
        "meta": "@sys.date",
        "alias": "Date",
        "userDefined": false
      },
      {
        "text": "?",
        "userDefined": false
      }
    ],
    "isTemplate": false,
    "count": 0,
    "lang": "en",
    "updated": 0
  },
  {
    "id": "8ec2a0b4-310d-40a6-a277-8bf59232a6c9",
    "data": [
      {
        "text": "Can I check if there is a slot ",
        "userDefined": false
      },
      {
        "text": "tomorrow",
        "meta": "@sys.date",
        "alias": "Date",
        "userDefined": false
      },
      {
        "text": "?",
        "userDefined": false
      }
    ],
    "isTemplate": false,
    "count": 0,
    "lang": "en",
    "updated": 0
  },
  {
    "id": "4cdb5351-c5be-4c8a-8340-46bb9db3c7a8",
    "data": [
      {
        "text": "Is ",
        "userDefined": false
      },
      {
        "text": "Jackie",
        "meta": "@StylistName",
        "alias": "Stylist",
        "userDefined": false
      },
      {
        "text": " available for ",
        "userDefined": false
      },
      {
        "text": "tomorrow",
        "meta": "@sys.date",
        "alias": "Date",
        "userDefined": false
      },
      {
        "text": "?",
        "userDefined": false
      }
    ],
    "isTemplate": false,
    "count": 0,
    "lang": "en",
    "updated": 0
  },
  {
    "id": "b2526bf3-3b32-42a9-8f7c-104461332dfd",
    "data": [
      {
        "text": "Can I book a slot for ",
        "userDefined": false
      },
      {
        "text": "Jackie",
        "meta": "@StylistName",
        "alias": "Stylist",
        "userDefined": false
      },
      {
        "text": " for ",
        "userDefined": false
      },
      {
        "text": "tomorrow",
        "meta": "@sys.date",
        "alias": "Date",
        "userDefined": false
      },
      {
        "text": "?",
        "userDefined": false
      }
    ],
    "isTemplate": false,
    "count": 0,
    "lang": "en",
    "updated": 0
  },
  {
    "id": "4b08f1af-813c-4a49-91c5-25a8f0df3e58",
    "data": [
      {
        "text": "Can I book a slot for ",
        "userDefined": false
      },
      {
        "text": "tomorrow",
        "meta": "@sys.date",
        "alias": "Date",
        "userDefined": false
      },
      {
        "text": "?",
        "userDefined": false
      }
    ],
    "isTemplate": false,
    "count": 0,
    "lang": "en",
    "updated": 0
  },
  {
    "id": "474b599c-bc73-4577-873c-c1c046e5933c",
    "data": [
      {
        "text": "Do you have a slot for ",
        "userDefined": false
      },
      {
        "text": "3 pm",
        "meta": "@sys.time",
        "alias": "Time",
        "userDefined": true
      },
      {
        "text": " ",
        "userDefined": false
      },
      {
        "text": "tomorrow",
        "meta": "@sys.date",
        "alias": "Date",
        "userDefined": false
      },
      {
        "text": "?",
        "userDefined": false
      }
    ],
    "isTemplate": false,
    "count": 0,
    "lang": "en",
    "updated": 0
  },
  {
    "id": "ed9af2ce-cde2-42cd-9b3e-334b4e6ae8bc",
    "data": [
      {
        "text": "Can I book an appointment for ",
        "userDefined": false
      },
      {
        "text": "Brian",
        "meta": "@StylistName",
        "alias": "Stylist",
        "userDefined": false
      },
      {
        "text": "?",
        "userDefined": false
      }
    ],
    "isTemplate": false,
    "count": 0,
    "lang": "en",
    "updated": 0
  },
  {
    "id": "e3a388b7-3e2f-4b96-94f5-8352bcd9d213",
    "data": [
      {
        "text": "Can I make an appointment for ",
        "userDefined": false
      },
      {
        "text": "tomorrow",
        "meta": "@sys.date",
        "alias": "Date",
        "userDefined": false
      },
      {
        "text": "?",
        "userDefined": false
      }
    ],
    "isTemplate": false,
    "count": 0,
    "lang": "en",
    "updated": 0
  },
  {
    "id": "c8954ec2-dd6d-4e51-b2a0-8f37e496322f",
    "data": [
      {
        "text": "I\u0027ll like to book an appointment for ",
        "userDefined": false
      },
      {
        "text": "Samantha",
        "meta": "@StylistName",
        "alias": "Stylist",
        "userDefined": false
      }
    ],
    "isTemplate": false,
    "count": 0,
    "lang": "en",
    "updated": 0
  },
  {
    "id": "2e4ee2ba-916c-4630-8a21-66f278a93f88",
    "data": [
      {
        "text": "I want to make an appointment for ",
        "userDefined": false
      },
      {
        "text": "Jackie",
        "meta": "@StylistName",
        "alias": "Stylist",
        "userDefined": true
      },
      {
        "text": " for ",
        "userDefined": false
      },
      {
        "text": "tomorrow",
        "meta": "@sys.date",
        "alias": "Date",
        "userDefined": true
      }
    ],
    "isTemplate": false,
    "count": 0,
    "lang": "en",
    "updated": 0
  },
  {
    "id": "dd0741ef-ae77-445d-a4e4-5467cef4f427",
    "data": [
      {
        "text": "Make appointment",
        "userDefined": false
      }
    ],
    "isTemplate": false,
    "count": 0,
    "lang": "en",
    "updated": 0
  },
  {
    "id": "6c3bdd97-2872-4196-b2de-c7979e2a51bb",
    "data": [
      {
        "text": "Get appointment",
        "userDefined": false
      }
    ],
    "isTemplate": false,
    "count": 0,
    "lang": "en",
    "updated": 0
  },
  {
    "id": "49332152-5940-4cb2-a46a-be65e8b60ca4",
    "data": [
      {
        "text": "I want to book an appointment",
        "userDefined": false
      }
    ],
    "isTemplate": false,
    "count": 0,
    "lang": "en",
    "updated": 0
  },
  {
    "id": "368c70ec-cdf0-4904-86c2-c04cccc21b53",
    "data": [
      {
        "text": "I want an appointment",
        "userDefined": false
      }
    ],
    "isTemplate": false,
    "count": 0,
    "lang": "en",
    "updated": 0
  },
  {
    "id": "cbe2b671-0e9d-4514-b557-3a2ebabde3ca",
    "data": [
      {
        "text": "Book appointment",
        "userDefined": false
      }
    ],
    "isTemplate": false,
    "count": 0,
    "lang": "en",
    "updated": 0
  },
  {
    "id": "e381a964-f186-4ea4-877e-af034f7cbd44",
    "data": [
      {
        "text": "Can I make an appointment",
        "userDefined": false
      }
    ],
    "isTemplate": false,
    "count": 0,
    "lang": "en",
    "updated": 0
  },
  {
    "id": "31459bfc-e5b4-4cfe-924a-735b85f4224f",
    "data": [
      {
        "text": "I\u0027ll like to make an appointment",
        "userDefined": false
      }
    ],
    "isTemplate": false,
    "count": 0,
    "lang": "en",
    "updated": 0
  }
]