[
  {
    "id": "685c27f6-0b9e-4740-a9e7-53fe8b8d842b",
    "data": [
      {
        "text": "预约",
        "userDefined": false
      },
      {
        "text": "洁琪",
        "meta": "@StylistName",
        "alias": "Stylist",
        "userDefined": true
      },
      {
        "text": "星期五",
        "meta": "@sys.date",
        "alias": "Date",
        "userDefined": true
      },
      {
        "text": "下午1点",
        "meta": "@sys.time",
        "alias": "Time",
        "userDefined": true
      }
    ],
    "isTemplate": false,
    "count": 0,
    "lang": "zh-tw",
    "updated": 0
  },
  {
    "id": "4a060213-8e08-47c8-9510-ae85a12ac464",
    "data": [
      {
        "text": "预约",
        "userDefined": false
      },
      {
        "text": "洁琪",
        "meta": "@StylistName",
        "alias": "Stylist",
        "userDefined": true
      },
      {
        "text": "星期六",
        "meta": "@sys.date",
        "alias": "Date",
        "userDefined": true
      },
      {
        "text": "下午4点",
        "meta": "@sys.time",
        "alias": "Time",
        "userDefined": true
      }
    ],
    "isTemplate": false,
    "count": 0,
    "lang": "zh-tw",
    "updated": 0
  },
  {
    "id": "5019ad1a-1d75-4405-a6d3-f525b0f4d662",
    "data": [
      {
        "text": "我要预约",
        "userDefined": false
      },
      {
        "text": "小布",
        "meta": "@StylistName",
        "alias": "Stylist",
        "userDefined": true
      },
      {
        "text": "后天",
        "meta": "@sys.date",
        "alias": "Date",
        "userDefined": true
      },
      {
        "text": "下午5点",
        "meta": "@sys.time",
        "alias": "Time",
        "userDefined": true
      }
    ],
    "isTemplate": false,
    "count": 0,
    "lang": "zh-tw",
    "updated": 0
  },
  {
    "id": "40549bed-09a2-4459-97a4-75015aac8c47",
    "data": [
      {
        "text": "预约",
        "userDefined": false
      },
      {
        "text": "莎莎",
        "meta": "@StylistName",
        "alias": "Stylist",
        "userDefined": true
      },
      {
        "text": "今天",
        "meta": "@sys.date",
        "alias": "Date",
        "userDefined": true
      },
      {
        "text": "早上11点",
        "meta": "@sys.time",
        "alias": "Time",
        "userDefined": true
      }
    ],
    "isTemplate": false,
    "count": 0,
    "lang": "zh-tw",
    "updated": 0
  },
  {
    "id": "efe9d632-3c54-41ac-8ca9-11275c649a68",
    "data": [
      {
        "text": "我要预约",
        "userDefined": false
      },
      {
        "text": "洁琪",
        "meta": "@StylistName",
        "alias": "Stylist",
        "userDefined": true
      },
      {
        "text": "明天",
        "meta": "@sys.date",
        "alias": "Date",
        "userDefined": true
      },
      {
        "text": "下午3点",
        "meta": "@sys.time",
        "alias": "Time",
        "userDefined": true
      }
    ],
    "isTemplate": false,
    "count": 0,
    "lang": "zh-tw",
    "updated": 0
  },
  {
    "id": "12582b76-a5a8-40cf-b4c5-dfcba22b0eeb",
    "data": [
      {
        "text": "我要预约美容师的时间",
        "userDefined": false
      }
    ],
    "isTemplate": false,
    "count": 0,
    "lang": "zh-tw",
    "updated": 0
  },
  {
    "id": "4dd0064b-7fa3-4d42-8a14-46135097c0bd",
    "data": [
      {
        "text": "要预约",
        "userDefined": false
      }
    ],
    "isTemplate": false,
    "count": 0,
    "lang": "zh-tw",
    "updated": 0
  },
  {
    "id": "be21ded3-86f6-466b-aca6-2d4817fe319c",
    "data": [
      {
        "text": "预约",
        "userDefined": false
      }
    ],
    "isTemplate": false,
    "count": 0,
    "lang": "zh-tw",
    "updated": 0
  },
  {
    "id": "ffe8bc6c-f562-498b-bf80-ff78ec1967b4",
    "data": [
      {
        "text": "我想预约",
        "userDefined": false
      }
    ],
    "isTemplate": false,
    "count": 0,
    "lang": "zh-tw",
    "updated": 0
  },
  {
    "id": "9bf46109-259f-4e33-9e63-8afb3b18c923",
    "data": [
      {
        "text": "我要预约美容师",
        "userDefined": false
      }
    ],
    "isTemplate": false,
    "count": 0,
    "lang": "zh-tw",
    "updated": 0
  },
  {
    "id": "2ab329dd-778e-47c1-afa0-d664516b2cc4",
    "data": [
      {
        "text": "我想",
        "userDefined": false
      },
      {
        "text": "约",
        "userDefined": false
      },
      {
        "text": "个时间",
        "userDefined": false
      }
    ],
    "isTemplate": false,
    "count": 0,
    "lang": "zh-tw",
    "updated": 0
  }
]