[
  {
    "id": "b6e37af9-bae1-4954-afc5-77e759a127c3",
    "data": [
      {
        "text": "I want to place order for shampoo",
        "userDefined": false
      }
    ],
    "isTemplate": false,
    "count": 0,
    "lang": "en",
    "updated": 0
  },
  {
    "id": "efb35cbd-13ad-4b5f-9d5f-edbe0d5ac441",
    "data": [
      {
        "text": "I want to order shampoo",
        "userDefined": false
      }
    ],
    "isTemplate": false,
    "count": 0,
    "lang": "en",
    "updated": 0
  },
  {
    "id": "d0d787fe-801b-4783-8932-a7cc5c5b13c4",
    "data": [
      {
        "text": "order shampoo",
        "userDefined": false
      }
    ],
    "isTemplate": false,
    "count": 0,
    "lang": "en",
    "updated": 0
  },
  {
    "id": "efda2a2d-873e-47bd-b978-ea0886f8d0f8",
    "data": [
      {
        "text": "I would like to order shampoo",
        "userDefined": false
      }
    ],
    "isTemplate": false,
    "count": 0,
    "lang": "en",
    "updated": 0
  }
]