[
  {
    "id": "f7ddf71c-9a85-4442-aa41-ed6ba5cad065",
    "data": [
      {
        "text": "预订",
        "userDefined": false
      },
      {
        "text": "5",
        "meta": "@sys.number-integer",
        "alias": "ShampooQty",
        "userDefined": true
      },
      {
        "text": "瓶洁琪洗发液",
        "userDefined": false
      }
    ],
    "isTemplate": false,
    "count": 1,
    "lang": "zh-tw",
    "updated": 0
  },
  {
    "id": "a8ba64a8-3256-468b-b1c3-b1d22d959296",
    "data": [
      {
        "text": "预购",
        "userDefined": false
      },
      {
        "text": "7",
        "meta": "@sys.number-integer",
        "alias": "ShampooQty",
        "userDefined": true
      },
      {
        "text": "瓶洗发液",
        "userDefined": false
      },
      {
        "text": "后天",
        "meta": "@sys.date",
        "alias": "CollectDate",
        "userDefined": true
      },
      {
        "text": "来取",
        "userDefined": false
      }
    ],
    "isTemplate": false,
    "count": 0,
    "lang": "zh-tw",
    "updated": 0
  },
  {
    "id": "779e2280-95e5-49f2-a9cc-4f2592eb6011",
    "data": [
      {
        "text": "我想订",
        "userDefined": false
      },
      {
        "text": "5",
        "meta": "@sys.number-integer",
        "alias": "ShampooQty",
        "userDefined": true
      },
      {
        "text": "瓶洗发液",
        "userDefined": false
      },
      {
        "text": "明天",
        "meta": "@sys.date",
        "alias": "CollectDate",
        "userDefined": true
      },
      {
        "text": "来拿",
        "userDefined": false
      }
    ],
    "isTemplate": false,
    "count": 0,
    "lang": "zh-tw",
    "updated": 0
  },
  {
    "id": "56b11e68-5d45-4428-b642-f2e9fd12ba9e",
    "data": [
      {
        "text": "要订购",
        "userDefined": false
      },
      {
        "text": "6",
        "meta": "@sys.number-integer",
        "alias": "ShampooQty",
        "userDefined": true
      },
      {
        "text": "瓶洗发液",
        "userDefined": false
      },
      {
        "text": "星期五",
        "meta": "@sys.date",
        "alias": "CollectDate",
        "userDefined": true
      },
      {
        "text": "来取",
        "userDefined": false
      }
    ],
    "isTemplate": false,
    "count": 0,
    "lang": "zh-tw",
    "updated": 0
  },
  {
    "id": "8d58c9cb-33ad-4d60-8d8d-e77af0dd3f07",
    "data": [
      {
        "text": "我要预购",
        "userDefined": false
      },
      {
        "text": "5",
        "meta": "@sys.number-integer",
        "alias": "ShampooQty",
        "userDefined": true
      },
      {
        "text": "瓶洗发液",
        "userDefined": false
      }
    ],
    "isTemplate": false,
    "count": 0,
    "lang": "zh-tw",
    "updated": 0
  },
  {
    "id": "5dcf89d3-de68-4da1-a7c1-d7c1bc6d7828",
    "data": [
      {
        "text": "订购",
        "userDefined": false
      },
      {
        "text": "3",
        "meta": "@sys.number-integer",
        "alias": "ShampooQty",
        "userDefined": true
      },
      {
        "text": "瓶洗发液",
        "userDefined": false
      }
    ],
    "isTemplate": false,
    "count": 0,
    "lang": "zh-tw",
    "updated": 0
  },
  {
    "id": "b3747a02-c8ea-49bc-ae71-d013e7a3391d",
    "data": [
      {
        "text": "订购洁琪洗发液",
        "userDefined": false
      }
    ],
    "isTemplate": false,
    "count": 0,
    "lang": "zh-tw",
    "updated": 0
  },
  {
    "id": "cf80c9e4-9070-42e2-881d-da70cbe4e4df",
    "data": [
      {
        "text": "预订洁琪洗发液",
        "userDefined": false
      }
    ],
    "isTemplate": false,
    "count": 0,
    "lang": "zh-tw",
    "updated": 0
  },
  {
    "id": "5d88b0eb-6607-4dcb-991f-8f2cb4de0bae",
    "data": [
      {
        "text": "预订洗发液",
        "userDefined": false
      }
    ],
    "isTemplate": false,
    "count": 0,
    "lang": "zh-tw",
    "updated": 0
  },
  {
    "id": "cf7454f1-1209-4b3e-8b68-09258cf81045",
    "data": [
      {
        "text": "预定洗发液",
        "userDefined": false
      }
    ],
    "isTemplate": false,
    "count": 1,
    "lang": "zh-tw",
    "updated": 0
  },
  {
    "id": "abda9403-6b31-4a4a-b04e-c5b42a327900",
    "data": [
      {
        "text": "订购洗发液",
        "userDefined": false
      }
    ],
    "isTemplate": false,
    "count": 0,
    "lang": "zh-tw",
    "updated": 0
  },
  {
    "id": "ac27c0bb-5f21-443f-a521-60cfe05aac32",
    "data": [
      {
        "text": "我想订购洗发液",
        "userDefined": false
      }
    ],
    "isTemplate": false,
    "count": 0,
    "lang": "zh-tw",
    "updated": 0
  },
  {
    "id": "286bf098-cc52-4729-ae04-40bb0fd7ee23",
    "data": [
      {
        "text": "我要订购洗发液",
        "userDefined": false
      }
    ],
    "isTemplate": false,
    "count": 0,
    "lang": "zh-tw",
    "updated": 0
  },
  {
    "id": "66a70133-55cc-4eaf-b63d-6b956f94a93f",
    "data": [
      {
        "text": "我想订洗发液",
        "userDefined": false
      }
    ],
    "isTemplate": false,
    "count": 0,
    "lang": "zh-tw",
    "updated": 0
  },
  {
    "id": "ea29c00b-7055-4cd4-b047-77ff37389e39",
    "data": [
      {
        "text": "我想订",
        "userDefined": false
      },
      {
        "text": "美容院",
        "userDefined": false
      },
      {
        "text": "的特制洗发液",
        "userDefined": false
      }
    ],
    "isTemplate": false,
    "count": 0,
    "lang": "zh-tw",
    "updated": 0
  }
]