[
  {
    "id": "b4e6188e-24dd-4c75-bc54-9a693806af02",
    "data": [
      {
        "text": "我如何购买洁琪洗发液呢？",
        "userDefined": false
      }
    ],
    "isTemplate": false,
    "count": 0,
    "lang": "zh-tw",
    "updated": 0
  },
  {
    "id": "1fdeab9b-fb74-4549-bfb1-262ebc6439dc",
    "data": [
      {
        "text": "洁琪洗发液有什么成分？",
        "userDefined": false
      }
    ],
    "isTemplate": false,
    "count": 0,
    "lang": "zh-tw",
    "updated": 0
  },
  {
    "id": "615e2977-d932-4149-9b55-2fabd1006a77",
    "data": [
      {
        "text": "洁琪洗发液好用吗？",
        "userDefined": false
      }
    ],
    "isTemplate": false,
    "count": 0,
    "lang": "zh-tw",
    "updated": 0
  },
  {
    "id": "3c85c403-2bc0-4e3e-a7a9-0401c3af6d42",
    "data": [
      {
        "text": "洁琪洗发液是怎么样做出来的呢？",
        "userDefined": false
      }
    ],
    "isTemplate": false,
    "count": 0,
    "lang": "zh-tw",
    "updated": 0
  },
  {
    "id": "9b613b92-fbed-49ce-b9de-4600a2d24b93",
    "data": [
      {
        "text": "洁琪洗发液有什么功效？",
        "userDefined": false
      }
    ],
    "isTemplate": false,
    "count": 0,
    "lang": "zh-tw",
    "updated": 0
  },
  {
    "id": "cb0f9c67-f906-484e-9c68-c1424276e131",
    "data": [
      {
        "text": "洁琪洗发液是什么？",
        "userDefined": false
      }
    ],
    "isTemplate": false,
    "count": 0,
    "lang": "zh-tw",
    "updated": 0
  },
  {
    "id": "a4e9d6fd-849d-44d0-a031-8dd83bd92213",
    "data": [
      {
        "text": "如何出售洁琪特制洗发液？",
        "userDefined": false
      }
    ],
    "isTemplate": false,
    "count": 0,
    "lang": "zh-tw",
    "updated": 0
  },
  {
    "id": "bcf147c7-71ed-4745-b17d-020dcf697893",
    "data": [
      {
        "text": "告诉我你们的服务和价钱",
        "userDefined": false
      }
    ],
    "isTemplate": false,
    "count": 0,
    "lang": "zh-tw",
    "updated": 0
  },
  {
    "id": "bced8de0-01f4-455a-8afe-420526d3ce31",
    "data": [
      {
        "text": "洁琪特制洗发液",
        "userDefined": false
      }
    ],
    "isTemplate": false,
    "count": 0,
    "lang": "zh-tw",
    "updated": 0
  },
  {
    "id": "535a6002-3be8-4c86-a8ec-77cf0358eb12",
    "data": [
      {
        "text": "服务和价钱",
        "userDefined": false
      }
    ],
    "isTemplate": false,
    "count": 0,
    "lang": "zh-tw",
    "updated": 0
  },
  {
    "id": "ad6f424c-e24e-4796-8a15-2e224afe844f",
    "data": [
      {
        "text": "你们",
        "userDefined": false
      },
      {
        "text": "美容院",
        "userDefined": false
      },
      {
        "text": "有什么服务和商品？",
        "userDefined": false
      }
    ],
    "isTemplate": false,
    "count": 0,
    "lang": "zh-tw",
    "updated": 0
  },
  {
    "id": "bdc49458-798e-458f-847b-71f80635ee3b",
    "data": [
      {
        "text": "你们有什么服务呢？",
        "userDefined": false
      }
    ],
    "isTemplate": false,
    "count": 0,
    "lang": "zh-tw",
    "updated": 0
  },
  {
    "id": "7b437f39-2613-4746-8c15-fae709ffda93",
    "data": [
      {
        "text": "你们服务是什么价位呢？",
        "userDefined": false
      }
    ],
    "isTemplate": false,
    "count": 0,
    "lang": "zh-tw",
    "updated": 0
  },
  {
    "id": "2d57b3cf-61e5-413e-ac84-05334d17b756",
    "data": [
      {
        "text": "你们出售商品吗？",
        "userDefined": false
      }
    ],
    "isTemplate": false,
    "count": 0,
    "lang": "zh-tw",
    "updated": 0
  }
]