[
  {
    "value": "1",
    "synonyms": [
      "1",
      "一",
      "最低评价",
      "评价一",
      "评价1"
    ]
  },
  {
    "value": "2",
    "synonyms": [
      "2",
      "二",
      "评价二",
      "评价2"
    ]
  },
  {
    "value": "3",
    "synonyms": [
      "3",
      "三",
      "评价三",
      "评价3"
    ]
  },
  {
    "value": "4",
    "synonyms": [
      "4",
      "四",
      "评价四",
      "评价4"
    ]
  },
  {
    "value": "5",
    "synonyms": [
      "5",
      "五",
      "最高评价",
      "评价5"
    ]
  }
]